{"rmse":0.5422167578,"mae":0.3716504485,"r2":0.7756433165}